Name,Position,Games Played,Total Goals,Shots,Shot Pct,Assists,Points
Grant Ament,A,9,13,39,0.3333333333333333,22,35
Myles Jones,M,9,14,39,0.358974358974359,17,32
Lyle Thompson,A,9,22,67,0.3283582089552239,10,32
Jeff Teat,A,7,16,40,0.4,16,32
Rob Pannell,A,9,13,68,0.1911764705882352,16,29
Josh Byrne,A,9,17,67,0.2537313432835821,12,29
Bryan Costabile,M,9,18,63,0.2857142857142857,7,28
Tom Schreiber,M,9,14,64,0.21875,13,27
Will Manny,A,9,19,50,0.38,7,26
Paul Rabil,M,9,18,50,0.36,6,26
